{
  "metadata": {
    "schemaVersion": "1.0",
    "importType": "LEX",
    "importFormat": "JSON"
  },
  "resource": {
    "name": "riskL",
    "version": "1",
    "enumerationValues": [
      {
        "value": "high",
        "synonyms": [
          "big"
        ]
      },
      {
        "value": "low",
        "synonyms": [
          "minimal"
        ]
      },
      {
        "value": "very high",
        "synonyms": [
          "massive"
        ]
      },
      {
        "value": "none",
        "synonyms": [
          "nothing"
        ]
      },
      {
        "value": "very low",
        "synonyms": [
          "tiny"
        ]
      },
      {
        "value": "medium",
        "synonyms": [
          "average"
        ]
      }
    ],
    "valueSelectionStrategy": "TOP_RESOLUTION"
  }
}